Date,Close,MA50,MA200,GoldenCross
2020-11-02,330.2,,,0
2020-11-03,336.03,,,0
2020-11-04,343.54,,,0
2020-11-05,350.24,,,0
2020-11-06,350.16,,,0
2020-11-09,354.56,,,0
2020-11-10,354.04,,,0
2020-11-11,356.67,,,0
2020-11-12,353.21,,,0
2020-11-13,358.1,,,0
2020-11-16,362.57,,,0
2020-11-17,360.62,,,0
2020-11-18,356.28,,,0
2020-11-19,357.78,,,0
2020-11-20,355.33,,,0
2020-11-23,357.46,,,0
2020-11-24,363.22,,,0
2020-11-25,362.66,,,0
2020-11-27,363.67,,,0
2020-11-30,362.06,,,0
2020-12-01,366.02,,,0
2020-12-02,366.79,,,0
2020-12-03,366.69,,,0
2020-12-04,369.85,,,0
2020-12-07,369.09,,,0
2020-12-08,370.17,,,0
2020-12-09,366.85,,,0
2020-12-10,366.73,,,0
2020-12-11,366.3,,,0
2020-12-14,364.66,,,0
2020-12-15,369.59,,,0
2020-12-16,370.17,,,0
2020-12-17,372.24,,,0
2020-12-18,369.18,,,0
2020-12-21,367.86,,,0
2020-12-22,367.24,,,0
2020-12-23,367.57,,,0
2020-12-24,369.0,,,0
2020-12-28,372.17,,,0
2020-12-29,371.46,,,0
2020-12-30,371.99,,,0
2020-12-31,373.88,,,0
2021-01-04,368.79,,,0
2021-01-05,371.33,,,0
2021-01-06,373.55,,,0
2021-01-07,379.1,,,0
2021-01-08,381.26,,,0
2021-01-11,378.69,,,0
2021-01-12,378.77,,,0
2021-01-13,379.79,364.3036,,0
2021-01-14,378.46,365.2688,,0
2021-01-15,375.7,366.0622,,0
2021-01-19,378.65,366.7644,,0
2021-01-20,383.89,367.4374,,0
2021-01-21,384.24,368.119,,0
2021-01-22,382.88,368.6854,,0
2021-01-25,384.39,369.2924,,0
2021-01-26,383.79,369.83480000000003,,0
2021-01-27,374.41,370.25879999999995,,0
2021-01-28,377.63,370.6494,,0
2021-01-29,370.07,370.79940000000005,,0
2021-02-01,376.23,371.1116,,0
2021-02-02,381.55,371.61699999999996,,0
2021-02-03,381.85,372.0984,,0
2021-02-04,386.19,372.7156,,0
2021-02-05,387.71,373.32059999999996,,0
2021-02-08,390.51,373.86640000000006,,0
2021-02-09,390.25,374.41820000000007,,0
2021-02-10,390.08,374.9464,,0
2021-02-11,390.71,375.51939999999996,,0
2021-02-12,392.64,376.0518,,0
2021-02-16,392.3,376.56200000000007,,0
2021-02-17,392.39,377.07599999999996,,0
2021-02-18,390.72,377.49340000000007,,0
2021-02-19,390.03,377.9122,,0
2021-02-22,387.03,378.24940000000004,,0
2021-02-23,387.5,378.6624,,0
2021-02-24,391.77,379.1632,,0
2021-02-25,382.33,379.48380000000003,,0
2021-02-26,380.36,379.7978,,0
2021-03-01,389.58,380.1976,,0
2021-03-02,386.54,380.525,,0
2021-03-03,381.42,380.7086,,0
2021-03-04,376.7,380.85900000000004,,0
2021-03-05,383.63,381.17440000000005,,0
2021-03-08,381.72,381.46399999999994,,0
2021-03-09,387.17,381.856,,0
2021-03-10,389.58,382.26759999999996,,0
2021-03-11,393.53,382.69480000000004,,0
2021-03-12,394.06,383.1468,,0
2021-03-15,396.41,383.63519999999994,,0
2021-03-16,395.91,384.07579999999996,,0
2021-03-17,397.26,384.64520000000005,,0
2021-03-18,391.48,385.0482,,0
2021-03-19,389.48,385.3668,,0
2021-03-22,392.59,385.6366,,0
2021-03-23,389.5,385.8014,,0
2021-03-24,387.52,385.978,,0
2021-03-25,389.7,386.19660000000005,,0
2021-03-26,395.98,386.5204,,0
2021-03-29,395.78,386.8668,,0
2021-03-30,394.73,387.24739999999997,,0
2021-03-31,396.33,387.601,,0
2021-04-01,400.61,387.9354,,0
2021-04-05,406.36,388.3778,,0
2021-04-06,406.12,388.8426,,0
2021-04-07,406.59,389.2866,,0
2021-04-08,408.52,389.7812,,0
2021-04-09,411.49,390.52279999999996,,0
2021-04-12,411.64,391.203,,0
2021-04-13,412.86,392.05879999999996,,0
2021-04-14,411.45,392.7632,,0
2021-04-15,415.87,393.4496,,0
2021-04-16,417.26,394.1578,,0
2021-04-19,415.21,394.7382,,0
2021-04-20,412.17,395.2274,,0
2021-04-21,416.07,395.7385999999999,,0
2021-04-22,412.27,396.1789999999999,,0
2021-04-23,416.74,396.7122,,0
2021-04-26,417.61,397.25020000000006,,0
2021-04-27,417.52,397.74780000000004,,0
2021-04-28,417.4,398.24979999999994,,0
2021-04-29,420.06,398.8032,,0
2021-04-30,417.3,399.3348,,0
2021-05-03,418.2,399.8982,,0
2021-05-04,415.62,400.47,,0
2021-05-05,415.75,401.035,,0
2021-05-06,419.07,401.58099999999996,,0
2021-05-07,422.12,402.37679999999995,,0
2021-05-10,417.94,403.12840000000006,,0
2021-05-11,414.21,403.621,,0
2021-05-12,405.41,403.99839999999995,,0
2021-05-13,410.28,404.57559999999995,,0
2021-05-14,416.58,405.3732,,0
2021-05-17,415.52,406.01099999999997,,0
2021-05-18,411.94,406.6154,,0
2021-05-19,410.86,407.0892,,0
2021-05-20,415.28,407.6032,,0
2021-05-21,414.94,408.0314,,0
2021-05-24,419.17,408.5336,,0
2021-05-25,418.24,408.97020000000003,,0
2021-05-26,419.07,409.43340000000006,,0
2021-05-27,419.29,409.874,,0
2021-05-28,420.04,410.44519999999994,,0
2021-06-01,419.67,411.04900000000004,,0
2021-06-02,420.33,411.6038,,0
2021-06-03,418.77,412.18919999999997,,0
2021-06-04,422.6,412.8908,,0
2021-06-07,422.19,413.5406,,0
2021-06-08,422.28,414.06659999999994,,0
2021-06-09,421.65,414.584,,0
2021-06-10,423.61,415.1616,,0
2021-06-11,424.31,415.72119999999995,,0
2021-06-14,425.26,416.2142,,0
2021-06-15,424.48,416.57660000000004,,0
2021-06-16,422.11,416.89639999999997,,0
2021-06-17,421.97,417.20399999999995,,0
2021-06-18,414.92,417.332,,0
2021-06-21,420.86,417.5194,,0
2021-06-22,423.11,417.7488000000001,,0
2021-06-23,422.6,417.9436,,0
2021-06-24,425.1,418.21659999999997,,0
2021-06-25,426.61,418.4314,,0
2021-06-28,427.47,418.63559999999995,,0
2021-06-29,427.7,418.8854,,0
2021-06-30,428.06,419.2032,,0
2021-07-01,430.43,419.4904,,0
2021-07-02,433.72,419.9194,,0
2021-07-06,432.93,420.2432,,0
2021-07-07,434.46,420.5802,,0
2021-07-08,430.92,420.8482,,0
2021-07-09,435.52,421.21060000000006,,0
2021-07-12,437.08,421.551,,0
2021-07-13,435.59,421.9168,,0
2021-07-14,436.24,422.2776,,0
2021-07-15,434.75,422.66020000000003,,0
2021-07-16,431.34,422.97200000000004,,0
2021-07-19,424.97,423.09,,0
2021-07-20,431.06,423.26880000000006,,0
2021-07-21,434.55,423.601,,0
2021-07-22,435.46,424.026,,0
2021-07-23,439.94,424.7166,,0
2021-07-26,441.02,425.3314000000001,,0
2021-07-27,439.01,425.78,,0
2021-07-28,438.83,426.24619999999993,,0
2021-07-29,440.65,426.8204,,0
2021-07-30,438.51,427.37340000000006,,0
2021-08-02,437.59,427.8196,,0
2021-08-03,441.15,428.3438,,0
2021-08-04,438.98,428.74,,0
2021-08-05,441.76,429.2104,,0
2021-08-06,442.49,429.67879999999997,,0
2021-08-09,442.13,430.13559999999995,,0
2021-08-10,442.68,430.58840000000004,,0
2021-08-11,443.78,431.07059999999996,,0
2021-08-12,445.11,431.56620000000004,,0
2021-08-13,445.92,432.1092,,0
2021-08-16,446.97,432.59659999999997,,0
2021-08-17,444.04,433.0336,,0
2021-08-18,439.18,433.37160000000006,399.56555000000003,0
2021-08-19,439.86,433.73580000000004,400.11385,0
2021-08-20,443.36,434.1308,400.6505,0
2021-08-23,447.26,434.5898,401.16909999999996,0
2021-08-24,447.97,435.04400000000004,401.65775,0
2021-08-25,448.91,435.5326,402.1515,0
2021-08-26,446.26,436.01559999999995,402.61,0
2021-08-27,450.25,436.5812,403.09104999999994,0
2021-08-30,452.23,437.32739999999995,403.56885,0
2021-08-31,451.56,437.9414,404.0606,0
2021-09-01,451.8,438.5152,404.5291,0
2021-09-02,453.19,439.12699999999995,404.9821999999999,0
2021-09-03,453.08,439.68660000000006,405.44449999999995,0
2021-09-07,451.46,440.1836,405.92040000000003,0
2021-09-08,450.91,440.6524,406.38605,0
2021-09-09,448.98,441.078,406.8543,0
2021-09-10,445.44,441.42560000000003,407.29420000000005,0
2021-09-13,446.58,441.7486,407.71100000000007,0
2021-09-14,444.17,441.9576,408.11855,0
2021-09-15,447.88,442.25659999999993,408.5396,0
2021-09-16,447.17,442.5108,408.96515,0
2021-09-17,441.4,442.7204,409.34205000000003,0
2021-09-20,434.04,442.69079999999997,409.6782999999999,0
2021-09-21,433.63,442.6218,410.01300000000003,0
2021-09-22,437.86,442.66720000000004,410.35305,0
2021-09-23,443.18,442.806,410.7235,0
2021-09-24,443.91,442.9892,411.0922,0
2021-09-27,442.64,443.2152,411.47114999999997,0
2021-09-28,433.72,443.39020000000005,411.8061,0
2021-09-29,434.45,443.458,412.14685,0
2021-09-30,429.14,443.3498,412.46924999999993,0
2021-10-01,434.24,443.3254,412.7925,0
2021-10-04,428.64,443.09939999999995,413.08485,0
2021-10-05,433.1,442.941,413.38915000000003,0
2021-10-06,434.9,442.8588,413.71775,0
2021-10-07,438.66,442.85540000000003,414.07175,0
2021-10-08,437.86,442.7996,414.42485,0
2021-10-11,434.69,442.7232,414.76045000000005,0
2021-10-12,433.62,442.64380000000006,415.08355000000006,0
2021-10-13,435.18,442.5244,415.39859999999993,0
2021-10-14,442.5,442.5948,415.75379999999996,0
2021-10-15,445.87,442.67699999999996,416.1232,0
2021-10-18,447.19,442.77099999999996,416.4897500000001,0
2021-10-19,450.64,442.94120000000004,416.899,0
2021-10-20,452.41,443.1358,417.30439999999993,0
2021-10-21,453.59,443.33200000000005,417.70459999999997,0
2021-10-22,453.12,443.4922,418.0747,0
2021-10-25,455.55,443.68480000000005,418.44615000000005,0
2021-10-26,455.96,443.8646,418.8325,0
2021-10-27,453.94,444.06260000000003,419.20835,0
2021-10-28,458.32,444.4454,419.60100000000006,0
2021-10-29,459.25,444.8332,420.00495,0
2021-11-01,460.04,445.1668,420.42665,0
2021-11-02,461.9,445.45959999999997,420.8429,0
2021-11-03,464.72,445.7946,421.24704999999994,0
2021-11-04,466.91,446.1546,421.6604,0
2021-11-05,468.53,446.6,422.08865,0
2021-11-08,468.93,446.97360000000003,422.51135,0
2021-11-09,467.38,447.27660000000003,422.9293,0
2021-11-10,463.62,447.51779999999997,423.37535,0
2021-11-11,463.77,447.7572,423.80604999999997,0
2021-11-12,467.27,448.03880000000004,424.29205,0
2021-11-15,467.43,448.3258,424.74805,0
2021-11-16,469.28,448.6822,425.1867,0
2021-11-17,468.14,449.0268,425.61815,0
2021-11-18,469.73,449.4418,426.03585,0
2021-11-19,468.89,449.9108,426.44174999999996,0
2021-11-22,467.57,450.33060000000006,426.82705000000004,0
2021-11-23,468.19,450.811,427.21674999999993,0
2021-11-24,469.44,451.2422,427.61355,0
2021-11-26,458.97,451.4782,427.95485,0
2021-11-29,464.6,451.94219999999996,428.31465000000003,0
2021-11-30,455.56,452.37260000000003,428.63095,0
2021-12-01,450.5,452.71,428.92150000000004,0
2021-12-02,457.4,453.1008,429.25489999999996,0
2021-12-03,453.42,453.30559999999997,429.57185000000004,0
2021-12-06,458.79,453.6032,429.93065,0
2021-12-07,468.28,454.116,430.33455000000004,0
2021-12-08,469.52,454.832,430.7233,0
2021-12-09,466.35,455.47,431.1434,0
2021-12-10,470.74,456.30199999999996,431.5953,0
2021-12-13,466.57,456.9486,431.98025,0
2021-12-14,463.36,457.64300000000003,432.36435,0
2021-12-15,470.6,458.393,432.81025,0
2021-12-16,466.45,459.024,433.259,0
2021-12-17,459.87,459.4482,433.64020000000005,0
2021-12-20,454.98,459.79060000000004,434.0065,0
2021-12-21,463.06,460.35799999999995,434.38595000000004,0
2021-12-22,467.69,461.0394,434.7765,0
2021-12-23,470.6,461.7478,435.16184999999996,0
2021-12-27,477.26,462.443,435.57785,0
2021-12-28,476.87,463.06300000000005,435.98015,0
2021-12-29,477.48,463.66880000000003,436.388,0
2021-12-30,476.16,464.1792,436.7825,0
2021-12-31,474.96,464.63019999999995,437.19990000000007,0
2022-01-03,477.71,465.11259999999993,437.64104999999995,0
2022-01-04,477.55,465.6012,438.06585,0
2022-01-05,468.38,465.8578,438.46025000000003,0
2022-01-06,467.94,466.09740000000005,438.86235,0
2022-01-07,466.09,466.3404,439.2443,0
2022-01-10,465.51,466.4842,439.59195,0
2022-01-11,469.75,466.69419999999997,439.9618,0
2022-01-12,471.02,466.9138,440.34324999999995,0
2022-01-13,464.53,466.9664,440.68425,0
2022-01-14,464.72,466.9664,441.00480000000005,0
2022-01-18,456.49,466.758,441.25545000000005,0
2022-01-19,451.75,466.4224,441.4836,0
2022-01-20,446.75,465.9788,441.68440000000004,0
2022-01-21,437.98,465.3908,441.83169999999996,0
2022-01-24,439.84,464.9152,441.97345,0
2022-01-25,434.47,464.32919999999996,442.0876,0
2022-01-26,433.38,463.65139999999997,442.19020000000006,0
2022-01-27,431.24,462.92760000000004,442.28915,0
2022-01-28,441.95,462.381,442.41955,0
2022-01-31,449.91,462.0164,442.58279999999996,0
2022-02-01,452.95,461.68080000000003,442.7715,0
2022-02-02,457.35,461.45,442.99739999999997,0
2022-02-03,446.6,461.0306,443.15005,0
2022-02-04,448.7,460.6408,443.3322,0
2022-02-07,447.26,460.1972,443.48479999999995,0
2022-02-08,450.94,460.0366,443.65144999999995,0
2022-02-09,457.54,459.8954,443.8515500000001,0
2022-02-10,449.32,459.7706,444.01115,0
2022-02-11,440.46,459.56980000000004,444.11315,0
2022-02-14,439.02,459.2022,444.22174999999993,0
2022-02-15,446.1,459.05580000000003,444.36125,0
2022-02-16,446.6,458.81199999999995,444.51615000000004,0
2022-02-17,437.06,458.18760000000003,444.62270000000007,0
2022-02-18,434.23,457.4818,444.69849999999997,0
2022-02-22,429.57,456.74619999999993,444.73575000000005,0
2022-02-23,421.95,455.7704,444.7558,0
2022-02-24,428.3,455.005,444.82625,0
2022-02-25,437.75,454.4928,444.98795000000007,0
2022-02-28,436.63,453.81340000000006,445.1197,0
2022-03-01,429.98,453.084,445.18670000000003,0
2022-03-02,437.89,452.6444,445.29855000000003,0
2022-03-03,435.71,452.25899999999996,445.4174,0
2022-03-04,432.17,451.6412,445.52394999999996,0
2022-03-07,419.43,450.676,445.54470000000003,0
2022-03-08,416.25,449.589,445.55125,0
2022-03-09,427.41,448.59200000000004,445.59244999999993,0
2022-03-10,425.48,447.56419999999997,445.62865000000005,0
2022-03-11,420.07,446.416,445.63365,0
2022-03-14,417.0,445.2328,445.6222,0
2022-03-15,426.17,444.25700000000006,445.65284999999994,0
2022-03-16,435.62,443.4152,445.73260000000005,0
2022-03-17,441.07,442.68559999999997,445.8363,0
2022-03-18,444.52,442.20840000000004,445.96504999999996,0
2022-03-21,444.39,441.7374,446.074,0
2022-03-22,449.59,441.4074,446.211,0
2022-03-23,443.8,440.9732,446.3186,0
2022-03-24,450.49,440.588,446.4628000000001,0
2022-03-25,452.69,440.2214,446.60820000000007,0
2022-03-28,455.91,440.04900000000004,446.76619999999997,0
2022-03-29,461.55,439.9856,446.94765,0
2022-03-30,458.7,440.0298,447.11875,0
2022-03-31,451.64,440.0276,447.2664,0
2022-04-01,452.92,440.15100000000007,447.42114999999995,0
2022-04-04,456.8,440.5274,447.63055,0
2022-04-05,451.03,440.7511999999999,447.7814,0
2022-04-06,446.52,440.9922,447.89845,0
2022-04-07,448.77,441.3,448.0293,0
2022-04-08,447.57,441.62659999999994,448.14165,0
2022-04-11,439.92,441.58600000000007,448.2082,0
2022-04-12,438.29,441.35360000000003,448.26230000000004,0
2022-04-13,443.31,441.1608,448.34035000000006,0
2022-04-14,437.79,440.76959999999997,448.38899999999995,0
2022-04-18,437.97,440.597,448.4267,0
2022-04-19,445.04,440.5238,448.48330000000004,0
2022-04-20,444.71,440.4728,448.54220000000004,0
2022-04-21,438.06,440.2152,448.56020000000007,0
2022-04-22,426.04,439.58520000000004,448.5358,0
2022-04-25,428.51,439.16900000000004,448.50075,0
2022-04-26,416.1,438.6818,448.39585,0
2022-04-27,417.27,438.2468,448.30425,0
2022-04-28,427.81,437.881,448.2621,0
2022-04-29,412.0,437.189,448.14835,0
2022-05-02,414.48,436.7374,448.06405,0
2022-05-03,416.38,436.3804,448.0211,0
2022-05-04,429.06,436.37020000000007,448.0111,0
2022-05-05,413.81,436.2074,447.9074,0
2022-05-06,411.34,435.8682,447.7868,0
2022-05-09,398.17,435.07660000000004,447.57795,0
2022-05-10,399.09,434.3258,447.36830000000003,0
2022-05-11,392.75,433.5812,447.13700000000006,0
2022-05-12,392.34,432.6702,446.90455000000003,0
2022-05-13,401.72,431.9904,446.7099,0
2022-05-16,400.09,431.3488,446.51779999999997,0
2022-05-17,408.32,431.12659999999994,446.37145000000004,0
2022-05-18,391.86,430.63879999999995,446.125,0
2022-05-19,389.46,429.87979999999993,445.87739999999997,0
2022-05-20,389.63,429.1628,445.61675,0
2022-05-23,396.92,428.69980000000004,445.3889,0
2022-05-24,393.89,428.23760000000004,445.14770000000004,0
2022-05-25,397.37,427.66159999999996,444.92114999999995,0
2022-05-26,405.31,427.0554,444.7288,0
2022-05-27,415.26,426.5392,444.57955000000004,0
2022-05-31,412.93,425.9074,444.4146,0
2022-06-01,409.59,425.21139999999997,444.2277,0
2022-06-02,417.39,424.56739999999996,444.09445000000005,0
2022-06-03,410.54,423.9022,443.95125,0
2022-06-06,411.79,423.1282,443.81089999999995,0
2022-06-07,415.74,422.38919999999996,443.6728,0
2022-06-08,411.22,421.4954,443.49260000000004,0
2022-06-09,401.44,420.2932,443.25995,0
2022-06-10,389.8,418.9152,442.9644,0
2022-06-13,375.0,417.3824000000001,442.60810000000004,0
2022-06-14,373.87,415.8014,442.2262,0
2022-06-15,379.2,414.24940000000004,441.86105,0
2022-06-16,366.65,412.5618,441.4365,0
2022-06-17,365.86,410.9486,441.0068,0
2022-06-21,375.07,409.4746,440.61620000000005,0
2022-06-22,374.39,408.01099999999997,440.22275,0
2022-06-23,378.06,406.7738,439.85574999999994,0
2022-06-24,390.08,405.8096,439.55159999999995,0
2022-06-27,388.59,404.7152,439.24965,0
2022-06-28,380.65,403.57239999999996,438.9257,0
2022-06-29,380.34,402.4198,438.5945,0
2022-06-30,377.25,401.064,438.25989999999996,0
2022-07-01,381.24,399.7946,437.92670000000004,0
2022-07-05,381.96,398.67260000000005,437.60065000000003,0
2022-07-06,383.25,397.8168,437.30989999999997,0
2022-07-07,388.99,397.02639999999997,437.08465,0
2022-07-08,388.67,396.4778,436.85985,0
2022-07-11,384.23,395.81699999999995,436.5917,0
2022-07-12,380.83,394.87739999999997,436.27995000000004,0
2022-07-13,378.83,394.214,435.95455000000004,0
2022-07-14,377.91,393.48260000000005,435.63090000000005,0
2022-07-15,385.13,392.85760000000005,435.38795,0
2022-07-18,381.95,391.9153999999999,435.12545000000006,0
2022-07-19,392.27,391.4846,434.9411,0
2022-07-20,394.77,391.15319999999997,434.74375,0
2022-07-21,398.79,391.1656,434.5945,0
2022-07-22,395.09,391.0856,434.40445,0
2022-07-25,395.57,391.142,434.20779999999996,0
2022-07-26,390.89,391.11299999999994,433.96894999999995,0
2022-07-27,401.04,391.0994,433.78485,0
2022-07-28,406.07,391.219,433.64174999999994,0
2022-07-29,411.99,391.29240000000004,433.5336,0
2022-08-01,410.77,391.6706,433.41155000000003,0
2022-08-02,408.06,392.0426,433.23935000000006,0
2022-08-03,414.45,392.539,433.08225,0
2022-08-04,414.17,392.88399999999996,432.91715,0
2022-08-05,413.47,393.2756,432.7313,0
2022-08-08,412.99,393.588,432.53420000000006,0
2022-08-09,411.35,393.7088,432.323,0
2022-08-10,419.99,393.8034,432.15735,0
2022-08-11,419.99,393.9446,431.97955,0
2022-08-12,427.1,394.2948,431.83525000000003,0
2022-08-15,428.86,394.5242,431.70985,0
2022-08-16,429.7,394.9074,431.56674999999996,0
2022-08-17,426.65,395.20459999999997,431.40375,0
2022-08-18,427.89,395.4476,431.24300000000005,0
2022-08-19,422.14,395.666,431.0442,0
2022-08-22,413.35,395.90420000000006,430.78735,0
2022-08-23,412.35,396.35519999999997,430.51455000000004,0
2022-08-24,413.67,397.12859999999995,430.24025,0
2022-08-25,419.51,398.0414,429.99314999999996,0
2022-08-26,405.31,398.5636,429.68280000000004,0
2022-08-29,402.63,399.2832,429.37784999999997,0
2022-08-30,398.21,399.93019999999996,429.05005000000006,0
2022-08-31,395.18,400.3324,428.6896,0
2022-09-01,396.42,400.773,428.3345499999999,0
2022-09-02,392.24,401.05659999999995,427.94935,0
2022-09-06,390.76,401.07020000000006,427.56244999999996,0
2022-09-07,397.78,401.254,427.20270000000005,0
2022-09-08,400.38,401.6486,426.86015,0
2022-09-09,406.6,402.17379999999997,426.5553,0
2022-09-12,410.97,402.8482,426.26920000000007,0
2022-09-13,393.1,403.0854,425.8875,0
2022-09-14,394.6,403.3382,425.56565,0
2022-09-15,390.12,403.4756,425.19325,0
2022-09-16,385.56,403.40700000000004,424.84324999999995,0
2022-09-19,388.55,403.4046,424.5335,0
2022-09-20,384.09,403.4018,424.16695,0
2022-09-21,377.39,403.333,423.7868,0
2022-09-22,374.22,403.24080000000004,423.36395,0
2022-09-23,367.95,403.0416,422.8623,0
2022-09-26,364.31,402.62519999999995,422.33625,0
2022-09-27,363.38,402.25380000000007,421.8214,0
2022-09-28,370.53,401.819,421.32035,0
2022-09-29,362.79,401.17940000000004,420.80145,0
2022-09-30,357.18,400.3472,420.27055,0
2022-10-03,366.61,399.7776,419.75059999999996,0
2022-10-04,377.97,399.4256,419.3082,0
2022-10-05,377.09,399.14959999999996,418.8943,0
2022-10-06,373.2,398.5928,418.4854,0
2022-10-07,362.79,397.72720000000004,417.98404999999997,0
2022-10-10,360.02,396.6878,417.4457,0
2022-10-11,357.74,395.6272,416.88140000000004,0
2022-10-12,356.56,394.5972,416.2779,0
2022-10-13,365.97,393.62760000000003,415.7234,0
2022-10-14,357.63,392.4968,415.12415,0
2022-10-17,366.82,391.56379999999996,414.57745,0
2022-10-18,371.13,390.72659999999996,414.05830000000003,0
2022-10-19,368.5,389.8696,413.51225000000005,0
2022-10-20,365.41,388.77799999999996,412.95155,0
2022-10-21,374.29,387.86400000000003,412.4811,0
2022-10-24,378.87,386.89939999999996,412.03574999999995,0
2022-10-25,384.92,386.02060000000006,411.62989999999996,0
2022-10-26,382.02,385.06700000000006,411.21245000000005,0
2022-10-27,379.98,384.1336,410.7636,0
2022-10-28,389.02,383.3562,410.35360000000003,0
2022-10-31,386.21,382.6376,409.962,0
2022-11-01,384.52,382.061,409.561,0
2022-11-02,374.87,381.3114,409.1529,0
2022-11-03,371.01,380.4582,408.7492,0
2022-11-04,376.35,379.595,408.39719999999994,0
2022-11-07,379.95,379.0878000000001,408.10705,0
2022-11-08,382.0,378.6752,407.81785,0
2022-11-09,374.13,378.1936,407.51615,0
2022-11-10,394.69,378.1838,407.32269999999994,0
2022-11-11,398.51,378.2256,407.15905000000004,0
2022-11-14,395.12,378.2832,406.9249,0
2022-11-15,398.49,378.4378,406.66780000000006,0
2022-11-16,395.45,378.3912,406.3803,0
2022-11-17,394.24,378.2684,406.06475,0
2022-11-18,396.03,378.057,405.8118999999999,0
2022-11-21,394.59,377.7294,405.54135,0
2022-11-22,399.9,377.8654,405.30455,0
2022-11-23,402.42,378.0218,405.06195,0
2022-11-25,402.33,378.26599999999996,404.78589999999997,0
2022-11-28,395.91,378.47299999999996,404.51885000000004,0
2022-11-29,395.23,378.60659999999996,404.29269999999997,0
2022-11-30,407.68,379.0784,404.1360000000001,0
2022-12-01,407.38,379.6782,403.94239999999996,0
2022-12-02,406.91,380.332,403.74395,0
2022-12-05,399.59,380.96479999999997,403.55659999999995,0
2022-12-06,393.83,381.5552,403.3546,0
2022-12-07,393.16,382.1508,403.17255,0
2022-12-08,396.24,382.665,403.04400000000004,0
2022-12-09,393.28,383.2748,402.8689,0
2022-12-12,398.95,384.11019999999996,402.6749,0
2022-12-13,401.97,384.81739999999996,402.50160000000005,0
2022-12-14,399.4,385.24600000000004,402.34869999999995,0
2022-12-15,389.63,385.4968,402.1074,0
2022-12-16,383.27,385.6982,401.84520000000003,0
2022-12-19,380.02,386.0428,401.58445,0
2022-12-20,380.54,386.4532,401.39,0
2022-12-21,386.23,387.023,401.2399,0
2022-12-22,380.72,387.50620000000004,401.00645000000003,0
2022-12-23,382.91,387.845,400.7936,0
2022-12-27,381.4,388.3204,400.60025,0
2022-12-28,376.66,388.5172,400.39855000000006,0
2022-12-29,383.44,388.76340000000005,400.1849,0
2022-12-30,382.43,389.04200000000003,399.91895,0
2023-01-03,380.82,389.35020000000003,399.6177,0
2023-01-04,383.76,389.5396,399.3139,0
2023-01-05,379.38,389.5498,398.98885,0
2023-01-06,388.08,389.61299999999994,398.6813,0
2023-01-09,387.86,389.72979999999995,398.40160000000003,0
2023-01-10,390.58,389.9418,398.10204999999996,0
2023-01-11,395.52,390.0718,397.8162,0
2023-01-12,396.96,390.2868,397.52145,0
2023-01-13,398.5,390.5664,397.2062,0
2023-01-17,397.77,391.0244,396.90155,0
2023-01-18,391.49,391.434,396.6008,0
2023-01-19,388.64,391.67979999999994,396.2794,0
2023-01-20,395.88,391.99839999999995,395.9748,0
2023-01-23,400.63,392.371,395.7228,0
2023-01-24,400.2,392.89240000000007,395.49120000000005,0
2023-01-25,400.35,393.00559999999996,395.24909999999994,0
2023-01-26,404.75,393.1304,395.035,0
2023-01-27,405.68,393.3416,394.8638,0
2023-01-30,400.59,393.3836,394.6753,0
2023-01-31,406.48,393.6042,394.49115,0
2023-02-01,410.8,393.9354,394.3562,0
2023-02-02,416.78,394.35040000000004,394.25025,1
2023-02-03,412.35,394.7056,394.0868,0
2023-02-06,409.83,394.9042,393.91240000000005,0
2023-02-07,415.19,395.1596,393.79804999999993,0
2023-02-08,410.65,395.32599999999996,393.7211,0
2023-02-09,407.09,395.5496,393.61400000000003,0
2023-02-10,408.04,395.80580000000003,393.57370000000003,0
2023-02-13,412.83,395.90880000000004,393.5514999999999,0
2023-02-14,412.64,396.014,393.47565,0
2023-02-15,413.98,396.1554,393.48555,0
2023-02-16,408.28,396.32919999999996,393.45455000000004,0
2023-02-17,407.26,396.5978,393.40894999999995,0
2023-02-21,399.09,396.7164,393.2591,0
2023-02-22,398.54,396.76239999999996,393.18275,0
2023-02-23,400.66,396.9099999999999,393.12935000000004,0
2023-02-24,396.38,396.8586,393.1204,0
2023-02-27,397.73,396.7738,393.1136,0
2023-02-28,396.26,396.711,393.13115,0
2023-03-01,394.74,396.8132,393.14315000000005,0
2023-03-02,397.81,397.10400000000004,393.1236,0
2023-03-03,404.19,397.5874,393.14410000000004,0
2023-03-06,404.47,398.066,393.12485,0
2023-03-07,398.27,398.3068,393.15689999999995,0
2023-03-08,398.92,398.67079999999993,393.20419999999996,0
2023-03-09,391.56,398.8438,393.21385000000004,0
2023-03-10,385.91,398.934,393.1588,0
2023-03-13,385.36,399.108,393.11615,0
2023-03-14,391.73,399.2738,393.08795000000003,0
2023-03-15,389.28,399.41079999999994,393.0078000000001,0
2023-03-16,396.11,399.71659999999997,392.91205,0
2023-03-17,389.99,399.8412,392.79735,0
2023-03-20,393.74,400.12839999999994,392.7181,0
2023-03-21,398.91,400.345,392.6257,0
2023-03-22,392.11,400.43,392.53355000000005,0
2023-03-23,393.17,400.4818,392.44045000000006,0
2023-03-24,395.75,400.4864,392.3405,0
2023-03-27,396.49,400.477,392.26685,0
2023-03-28,395.6,400.41900000000004,392.23765,0
2023-03-29,401.35,400.4906,392.29540000000003,0
2023-03-30,403.7,400.7348,392.4389,0
2023-03-31,409.39,401.1498,392.61650000000003,0
2023-04-03,410.95,401.45120000000003,392.77525,0
2023-04-04,408.67,401.61199999999997,392.98535,0
2023-04-05,407.6,401.76,393.19405,0
2023-04-06,409.19,401.9368,393.36465000000004,0
2023-04-10,409.61,402.034,393.54074999999995,0
2023-04-11,409.72,402.11480000000006,393.69905,0
2023-04-12,408.05,402.264,393.7889,0
2023-04-13,413.47,402.4038,393.9133,0
2023-04-14,412.46,402.43700000000007,394.07235000000003,0
2023-04-17,413.94,402.38019999999995,394.24035000000003,0
2023-04-18,414.21,402.4174,394.42515,0
2023-04-19,414.14,402.5036,394.58964999999995,0
2023-04-20,411.88,402.43739999999997,394.73925,0
2023-04-21,412.2,402.46840000000003,394.884,0
2023-04-24,412.63,402.57920000000007,395.0022,0
2023-04-25,406.08,402.54,395.08925000000005,0
2023-04-26,404.36,402.37059999999997,395.1899000000001,0
2023-04-27,412.41,402.366,395.3478,0
2023-04-28,415.93,402.405,395.5333,0
2023-05-01,415.51,402.5496,395.7213,0
2023-05-02,410.84,402.62119999999993,395.84985,0
2023-05-03,408.02,402.79979999999995,395.98019999999997,0
2023-05-04,405.13,402.93160000000006,396.0445,0
2023-05-05,412.63,403.17100000000005,396.13379999999995,0
2023-05-08,412.74,403.4982,396.20355,0
2023-05-09,410.93,403.7622,396.28275,0
2023-05-10,412.85,404.094,396.36915,0
2023-05-11,412.13,404.4418,396.47535000000005,0
2023-05-12,411.59,404.7174,396.5281,0
2023-05-15,413.01,404.89380000000006,396.5628,0
2023-05-16,410.25,405.0094,396.55409999999995,0
2023-05-17,415.23,405.34860000000003,396.5764,0
2023-05-18,419.23,405.75480000000005,396.63225,0
2023-05-19,418.62,406.296,396.6531,0
2023-05-22,418.79,406.9536,396.67620000000005,0
2023-05-23,414.09,407.52819999999997,396.6793,0
2023-05-24,411.09,407.91540000000003,396.66979999999995,0
2023-05-25,414.65,408.42280000000005,396.6863000000001,0
2023-05-26,420.02,408.901,396.68645,0
2023-05-30,420.18,409.50479999999993,396.68739999999997,0
2023-05-31,417.85,409.987,396.64115,0
2023-06-01,421.82,410.44520000000006,396.60595,0
2023-06-02,427.92,411.1614,396.59705,0
2023-06-05,427.1,411.84,396.5993,0
2023-06-06,428.03,412.4856,396.6,0
2023-06-07,426.55,413.0868,396.62205,0
2023-06-08,429.13,413.75739999999996,396.70095000000003,0
2023-06-09,429.9,414.32840000000004,396.7887,0
2023-06-12,433.8,414.9304,396.88935,0
2023-06-13,436.66,415.4758,396.9751,0
2023-06-14,437.18,416.0004,397.13445,0
2023-06-15,442.6,416.67900000000003,397.3343,0
2023-06-16,439.46,417.3162,397.54055,0
2023-06-20,437.18,417.876,397.75055,0
2023-06-21,434.94,418.3826,397.94315,0
2023-06-22,436.51,418.91839999999996,398.16450000000003,0
2023-06-23,433.21,419.42159999999996,398.37675,0
2023-06-26,431.44,419.78100000000006,398.54504999999995,0
2023-06-27,436.17,420.25519999999995,398.724,0
2023-06-28,436.39,420.70419999999996,398.87295,0
2023-06-29,438.11,421.1822,399.00865,0
2023-06-30,443.28,421.765,399.25955,0
2023-07-03,443.79,422.40319999999997,399.50550000000004,0
2023-07-05,443.13,423.0218,399.77055,0
2023-07-06,439.66,423.56239999999997,400.04105000000004,0
2023-07-07,438.55,424.2118,400.29105000000004,0
2023-07-10,439.66,424.9178,400.56890000000004,0
2023-07-11,442.46,425.5188,400.89424999999994,0
2023-07-12,446.02,426.12059999999997,401.25325000000004,0
2023-07-13,449.56,426.8016,401.6613,0
2023-07-14,449.28,427.5704,402.08615,0
2023-07-17,450.84,428.4268,402.52345,0
2023-07-18,454.19,429.408,402.94174999999996,0
2023-07-19,455.2,430.25939999999997,403.4038,0
2023-07-20,452.18,431.0482,403.87880000000007,0
2023-07-21,452.18,431.8732,404.30665,0
2023-07-24,454.2,432.7002,404.68780000000004,0
2023-07-25,455.44,433.5664,405.0795499999999,0
2023-07-26,455.51,434.44480000000004,405.4911,0
2023-07-27,452.49,435.23439999999994,405.9396,0
2023-07-28,456.92,436.1678,406.42409999999995,0
2023-07-31,457.79,437.019,406.92435,0
2023-08-01,456.48,437.764,407.42395,0
2023-08-02,450.13,438.39419999999996,407.84475,0
2023-08-03,448.84,438.99519999999995,408.30080000000004,0
2023-08-04,446.81,439.64959999999996,408.70074999999997,0
2023-08-07,450.71,440.44199999999995,409.09864999999996,0
2023-08-08,448.75,441.12399999999997,409.49989999999997,0
2023-08-09,445.75,441.6386,409.90160000000003,0
2023-08-10,445.91,442.15319999999997,410.2597,0
2023-08-11,445.65,442.7092,410.5936,0
2023-08-14,448.11,443.235,410.90955,0
2023-08-15,442.89,443.5344,411.21389999999997,0
2023-08-16,439.64,443.7852,411.5122,0
2023-08-17,436.29,443.9504,411.74854999999997,0
2023-08-18,436.5,444.1494,412.0,0
2023-08-21,439.34,444.35360000000003,412.27410000000003,0
2023-08-22,438.15,444.51859999999994,412.59049999999996,0
2023-08-23,443.03,444.7032,412.95059999999995,0
2023-08-24,436.89,444.70779999999996,413.2533,0
2023-08-25,439.97,444.7636,413.55339999999995,0
2023-08-28,442.76,444.7668,413.85720000000003,0
2023-08-29,449.16,444.9608,414.23235,0
2023-08-30,451.01,445.23740000000004,414.51395,0
2023-08-31,450.35,445.5456,414.77314999999993,0
2023-09-01,451.19,445.8392,415.0535,0
2023-09-05,449.24,446.1598,415.30725,0
2023-09-06,446.22,446.4554,415.5611,0
2023-09-07,444.85,446.629,415.81415,0
2023-09-08,445.52,446.81160000000006,416.06160000000006,0
2023-09-11,448.45,447.01840000000004,416.3309,0
2023-09-12,445.99,447.0726,416.56135,0
2023-09-13,446.51,447.12700000000007,416.7818,0
2023-09-14,450.36,447.2716,417.02195,0
2023-09-15,443.37,447.3458,417.25924999999995,0
2023-09-18,443.63,447.44739999999996,417.50125,0
2023-09-19,442.71,447.50840000000005,417.6764,0
2023-09-20,438.64,447.432,417.83270000000005,0
2023-09-21,431.39,447.1394,417.9551,0
2023-09-22,430.42,446.75659999999993,418.10925000000003,0
2023-09-25,432.23,446.41560000000004,418.30125,0
2023-09-26,425.88,445.9164,418.46485,0
2023-09-27,426.05,445.35360000000003,418.6139,0
2023-09-28,428.52,444.82,418.79009999999994,0
2023-09-29,427.48,444.3260000000001,418.93275,0
2023-10-02,427.31,443.8286,419.05944999999997,0
2023-10-03,421.59,443.1764,419.17040000000003,0
2023-10-04,424.66,442.56080000000003,419.34555,0
2023-10-05,424.5,441.94059999999996,419.5517,0
2023-10-06,429.54,441.4816,419.7993,0
2023-10-09,432.29,440.98900000000003,420.05805,0
2023-10-10,434.54,440.52399999999994,420.2996,0
2023-10-11,436.32,440.12080000000003,420.5776,0
2023-10-12,433.66,439.79140000000007,420.83134999999993,0
2023-10-13,431.5,439.44460000000004,421.08185,0
2023-10-16,436.04,439.2292,421.37875,0
2023-10-17,436.02,438.9354,421.64165,0
2023-10-18,430.21,438.5646,421.88055,0
2023-10-19,426.43,438.1782,422.1086,0
2023-10-20,421.19,437.6838,422.29575,0
2023-10-23,420.46,437.18,422.50115,0
2023-10-24,423.63,436.6904,422.6789,0
2023-10-25,417.55,436.1836,422.8273499999999,0
2023-10-26,412.55,435.6418,422.9372,0
2023-10-27,410.68,435.1296,423.01300000000003,0
2023-10-30,415.59,434.71139999999997,423.10614999999996,0
2023-10-31,418.2,434.28860000000003,423.20464999999996,0
2023-11-01,422.66,433.97880000000004,423.32910000000004,0
2023-11-02,430.76,433.73339999999996,423.52545,0
2023-11-03,434.69,433.68940000000003,423.7557,0
2023-11-06,435.69,433.6038,423.95475,0
2023-11-07,436.93,433.48720000000003,424.13625,0
2023-11-08,437.25,433.249,424.32149999999996,0
2023-11-09,433.84,432.9056,424.48895000000005,0
2023-11-10,440.61,432.7108,424.66825000000006,0
2023-11-13,440.19,432.49080000000004,424.8408,0
2023-11-14,448.73,432.4806,425.0815,0
2023-11-15,449.68,432.54979999999995,425.2975,0
2023-11-16,450.23,432.6574,425.49465000000004,0
2023-11-17,450.79,432.76279999999997,425.66470000000004,0
2023-11-20,454.26,432.87899999999996,425.87424999999996,0
2023-11-21,453.27,433.02459999999996,426.09144999999995,0
2023-11-22,455.02,433.1948,426.29060000000004,0
2023-11-24,455.3,433.2936,426.51385000000005,0
2023-11-27,454.48,433.5158,426.7508,0
2023-11-28,454.93,433.7418,426.98524999999995,0
2023-11-29,454.61,433.97979999999995,427.19415000000004,0
2023-11-30,456.4,434.335,427.4129500000001,0
2023-12-01,459.1,434.88919999999996,427.63854999999995,0
2023-12-04,456.69,435.41460000000006,427.88059999999996,0
2023-12-05,456.6,435.902,428.12730000000005,0
2023-12-06,454.76,436.4796,428.40565000000004,0
2023-12-07,458.23,437.1232,428.7041,0
2023-12-08,460.2,437.7568,429.0018,0
2023-12-11,461.99,438.44699999999995,429.32985,0
2023-12-12,464.1,439.1828,429.6617,0
2023-12-13,470.5,440.161,430.0329,0
2023-12-14,472.01,441.108,430.41925,0
2023-12-15,469.33,442.0046,430.77684999999997,0
2023-12-18,471.97,442.8532,431.11575,0
2023-12-19,474.84,443.70419999999996,431.46759999999995,0
2023-12-20,468.26,444.3786,431.81755000000004,0
2023-12-21,472.7,445.10619999999994,432.18645000000004,0
2023-12-22,473.65,445.906,432.59689999999995,0
2023-12-26,475.65,446.78899999999993,433.04560000000004,0
2023-12-27,476.51,447.5984,433.50135,0
2023-12-28,476.69,448.4118,433.92615,0
2023-12-29,475.31,449.31380000000007,434.3563,0
2024-01-02,472.65,450.2382,434.7389999999999,0
2024-01-03,468.79,451.19019999999995,435.13300000000004,0
2024-01-04,467.28,452.12660000000005,435.5007,0
2024-01-05,467.92,453.01239999999996,435.84574999999995,0
2024-01-08,474.6,454.1534,436.2582,0
2024-01-09,473.88,455.38,436.66175,0
2024-01-10,476.56,456.6976,437.06579999999997,0
2024-01-11,476.35,457.9128,437.4651,0
2024-01-12,476.68,459.0824,437.87050000000005,0
2024-01-16,474.93,460.1278,438.23839999999996,0
2024-01-17,472.29,460.95840000000004,438.58134999999993,0
2024-01-18,476.49,461.79439999999994,438.91684999999995,0
2024-01-19,482.43,462.7292,439.27425000000005,0
2024-01-22,483.45,463.6596,439.64815000000004,0
2024-01-23,484.86,464.6118,440.03445,0
2024-01-24,485.39,465.64279999999997,440.41544999999996,0
2024-01-25,488.03,466.59119999999996,440.80755000000005,0
2024-01-26,487.41,467.5356,441.1960000000001,0
2024-01-29,491.27,468.3864,441.6121,0
2024-01-30,490.89,469.2106,441.9992,0
2024-01-31,482.88,469.8636,442.3513,0
2024-02-01,489.2,470.6318,442.72759999999994,0
2024-02-02,494.35,471.4336,443.1283,0
2024-02-05,492.55,472.21920000000006,443.52035,0
2024-02-06,493.98,472.99840000000006,443.93084999999996,0
2024-02-07,498.1,473.8544,444.36035000000004,0
2024-02-08,498.32,474.73119999999994,444.7888,0
2024-02-09,501.2,475.6566,445.26439999999997,0
2024-02-12,500.98,476.584,445.7475,0
2024-02-13,494.08,477.3376,446.15585,0
2024-02-14,498.57,478.12700000000007,446.56905,0
2024-02-15,502.01,479.0334,447.00155,0
2024-02-16,499.51,479.89160000000004,447.4449000000001,0
2024-02-20,496.76,480.7316,447.8886,0
2024-02-21,497.21,481.5112,448.349,0
2024-02-22,507.5,482.4572,448.82335000000006,0
2024-02-23,507.85,483.37440000000004,449.2989,0
2024-02-26,505.99,484.2122,449.7742,0
2024-02-27,506.93,484.9408,450.2446,0
2024-02-28,506.26,485.6258,450.71525,0
2024-02-29,508.08,486.4008,451.19770000000005,0
2024-03-01,512.85,487.2184,451.6969,0
2024-03-04,512.3,487.9676,452.20715,0
2024-03-05,507.18,488.74600000000004,452.66689999999994,0
2024-03-06,509.75,489.487,453.11949999999996,0
2024-03-07,514.81,490.31019999999995,453.6004500000001,0
2024-03-08,511.72,491.0316,454.0651,0
2024-03-11,511.28,491.727,454.55105000000003,0
2024-03-12,516.78,492.52880000000005,455.07950000000005,0
2024-03-13,515.97,493.342,455.5861,0
2024-03-14,514.95,494.18800000000005,456.06075000000004,0
2024-03-15,509.83,495.00880000000006,456.509,0
2024-03-18,512.86,495.92040000000003,456.9840500000001,0
2024-03-19,515.71,496.87620000000004,457.45349999999996,0
2024-03-20,520.48,497.79380000000003,457.9163,0
2024-03-21,522.2,498.76020000000005,458.3918,0
2024-03-22,521.21,499.65319999999997,458.85769999999997,0
2024-03-25,519.77,500.52160000000003,459.32379999999995,0
2024-03-26,518.81,501.3642,459.7722,0
2024-03-27,523.17,502.329,460.23855,0
2024-03-28,523.07,503.3446,460.6849,0
2024-04-01,522.16,504.25800000000004,461.1124,0
2024-04-02,518.84,504.98620000000005,461.5207,0
2024-04-03,519.41,505.7054,461.90475,0
2024-04-04,513.07,506.26959999999997,462.27279999999996,0
2024-04-05,518.43,506.9304,462.67904999999996,0
2024-04-08,518.72,507.54420000000005,463.09794999999997,0
2024-04-09,519.32,508.18240000000003,463.51199999999994,0
2024-04-10,514.12,508.6394,463.91655,0
2024-04-11,518.0,509.18160000000006,464.34934999999996,0
2024-04-12,510.85,509.741,464.72275,0
2024-04-15,504.45,510.046,465.06305,0
2024-04-16,503.53,510.22960000000006,465.39015,0
2024-04-17,500.55,510.3896,465.67650000000003,0
2024-04-18,499.52,510.5004,465.95515,0
2024-04-19,495.16,510.44160000000005,466.2153,0
2024-04-22,499.72,510.4696,466.51559999999995,0
2024-04-23,505.65,510.5586,466.85110000000003,0
2024-04-24,505.41,510.6472,467.17985,0
2024-04-25,503.49,510.8354,467.485,0
2024-04-26,508.26,511.0292,467.79619999999994,0
2024-04-29,510.06,511.19020000000006,468.0987,0
2024-04-30,501.98,511.2396,468.36220000000003,0
2024-05-01,500.35,511.3114,468.6097500000001,0
2024-05-02,505.03,511.4678,468.86395000000005,0
2024-05-03,511.29,511.5436,469.1444,0
2024-05-06,516.57,511.71799999999996,469.46635000000003,0
2024-05-07,517.14,511.94100000000003,469.7911500000001,0
2024-05-08,517.19,512.1462,470.1060999999999,0
2024-05-09,520.17,512.4244,470.42975000000007,0
2024-05-10,520.84,512.6795999999999,470.7564,0
2024-05-13,520.91,512.8408,471.09850000000006,0
2024-05-14,523.3,513.0608,471.4304,0
2024-05-15,529.78,513.5128,471.79035,0
2024-05-16,528.69,513.8915999999999,472.15139999999997,0
2024-05-17,529.45,514.1844,472.548,0
2024-05-20,530.06,514.5512,472.95410000000004,0
2024-05-21,531.36,514.9528,473.37685000000005,0
2024-05-22,529.83,515.2138,473.77245000000005,0
2024-05-23,525.96,515.4136,474.1585,0
2024-05-24,529.44,515.7034,474.57695,0
2024-05-28,529.81,516.103,474.99645,0
2024-05-29,526.1,516.3678000000001,475.3987,0
2024-05-30,522.61,516.5058,475.7712,0
2024-05-31,527.37,516.6436,476.1936,0
2024-06-03,527.8,516.7556,476.6344,0
2024-06-04,528.39,516.8992,477.09490000000005,0
2024-06-05,534.67,517.1972000000001,477.58575,0
2024-06-06,534.66,517.5142000000001,478.06235,0
2024-06-07,534.01,517.731,478.54165,0
2024-06-10,535.66,517.9828,479.00480000000005,0
2024-06-11,536.95,518.2786,479.5051,0
2024-06-12,541.36,518.729,480.01205000000004,0
2024-06-13,542.45,519.1898,480.5105,0
2024-06-14,542.78,519.784,480.97860000000003,0
2024-06-17,547.1,520.3574,481.45905,0
2024-06-18,548.49,520.9528,481.94975,0
2024-06-20,547.0,521.5064,482.42879999999997,0
2024-06-21,544.51,522.1142,482.90515,0
2024-06-24,542.74,522.609,483.3877499999999,0
2024-06-25,544.83,523.2886,483.88765,0
2024-06-26,545.51,524.1098000000001,484.3876,0
2024-06-27,546.37,524.9666,484.8772,0
2024-06-28,544.22,525.84,485.36834999999996,0
2024-07-01,545.34,526.7564,485.8625,0
2024-07-02,549.01,527.8334,486.35575000000006,0
2024-07-03,551.46,528.8682,486.8962,0
2024-07-05,554.64,529.8480000000001,487.45125,0
2024-07-08,555.28,530.8454,488.0141,0
2024-07-09,555.82,531.8919999999999,488.6,0
2024-07-10,561.32,532.9532,489.24965,0
2024-07-11,556.48,533.8815999999999,489.87995,0
2024-07-12,559.99,535.0418,490.51875,0
2024-07-15,561.53,536.2654,491.19699999999995,0
2024-07-16,564.86,537.462,491.89104999999995,0
2024-07-17,556.94,538.375,492.53315000000003,0
2024-07-18,552.66,539.0968,493.15905,0
2024-07-19,548.99,539.7338,493.76744999999994,0
2024-07-22,554.65,540.4830000000001,494.43275,0
2024-07-23,553.78,541.1552,495.07835,0
2024-07-24,541.23,541.563,495.662,0
2024-07-25,538.41,541.913,496.20635000000004,0
2024-07-26,544.44,542.3358,496.76709999999997,0
2024-07-29,544.76,542.6354,497.3182,0
2024-07-30,542.0,542.9016,497.84659999999997,0
2024-07-31,550.81,543.3288,498.43235,0
2024-08-01,543.01,543.5878,498.98990000000003,0
2024-08-02,532.9,543.6185999999999,499.4742,0
2024-08-05,517.38,543.3696,499.881,0
2024-08-06,522.15,543.2934,500.34069999999997,0
2024-08-07,518.66,543.0778,500.80185,0
2024-08-08,530.65,543.0946,501.34915,0
2024-08-09,532.99,543.2324,501.9118,0
2024-08-12,533.27,543.4456,502.46,0
2024-08-13,542.04,543.739,503.08245000000005,0
2024-08-14,543.75,544.058,503.73845,0
2024-08-15,553.07,544.5516,504.4504,0
2024-08-16,554.31,544.9444,505.144,0
2024-08-19,559.61,545.4434,505.85105000000004,0
2024-08-20,558.7,545.9372,506.53125,0
2024-08-21,560.62,546.4364,507.18055,0
2024-08-22,556.22,546.8218,507.7882,0
2024-08-23,562.13,547.2372,508.42040000000003,0
2024-08-26,560.79,547.6039999999999,509.03970000000004,0
2024-08-27,561.56,547.9796,509.66125000000005,0
2024-08-28,558.3,548.2036,510.28354999999993,0
2024-08-29,558.35,548.4008,510.87225,0
2024-08-30,563.68,548.7344,511.4896999999999,0
2024-09-03,552.08,548.8858,512.00645,0
2024-09-04,550.95,549.05,512.5128,0
2024-09-05,549.61,549.1456000000001,513.0097,0
2024-09-06,540.36,549.0426,513.45755,0
2024-09-09,546.41,549.0434,513.9183,0
2024-09-10,548.79,549.1347999999999,514.3959,0
2024-09-11,554.42,549.3164,514.8929,0
2024-09-12,559.09,549.518,515.41185,0
2024-09-13,562.01,549.729,515.9495,0
2024-09-16,562.84,549.8929999999999,516.48905,0
2024-09-17,563.07,550.0488,517.03135,0
2024-09-18,561.4,550.1604,517.55635,0
2024-09-19,570.98,550.3536,518.11575,0
2024-09-20,568.25,550.589,518.67355,0
2024-09-23,569.67,550.7826,519.2389,0
2024-09-24,571.3,550.9780000000001,519.8216,0
2024-09-25,570.04,551.0816,520.3806500000001,0
2024-09-26,572.3,551.3888000000001,520.94115,0
2024-09-27,571.47,551.765,521.48855,0
2024-09-30,573.76,552.2604,522.03685,0
2024-10-01,568.62,552.5398,522.5274499999999,0
2024-10-02,568.86,552.8414,523.0117,0
2024-10-03,567.82,553.3732,523.50415,0
2024-10-04,572.98,554.0646,524.0092,0
2024-10-07,567.8,554.5318,524.474,0
2024-10-08,573.17,555.1,524.9985499999999,0
2024-10-09,577.14,555.8027999999999,525.52075,0
2024-10-10,576.13,556.3092,526.03315,0
2024-10-11,579.58,557.0405999999999,526.5527999999999,0
2024-10-14,584.32,558.069,527.09185,0
2024-10-15,579.78,559.317,527.6073,0
2024-10-16,582.3,560.52,528.14225,0
2024-10-17,582.35,561.7937999999999,528.6907500000001,0
2024-10-18,584.59,562.8726,529.2697499999999,0
2024-10-21,583.63,563.8854,529.8515,0
2024-10-22,583.32,564.8864,530.4285,0
2024-10-23,577.99,565.6053999999999,530.9454499999999,0
2024-10-24,579.24,566.3152,531.47225,0
2024-10-25,579.04,566.8346,531.98465,0
2024-10-28,580.83,567.365,532.50705,0
2024-10-29,581.77,567.8081999999999,533.0325,0
2024-10-30,580.01,568.2344,533.5579,0
2024-10-31,568.64,568.3948,534.03965,0
2024-11-01,571.04,568.6912,534.5124,0
2024-11-04,569.81,568.8448,534.9493,0
2024-11-05,576.7,569.163,535.41555,0
2024-11-06,591.04,569.7526,535.9464499999999,0
2024-11-07,595.61,570.4988000000001,536.4975499999999,0
2024-11-08,598.19,571.2955999999999,537.04835,0
2024-11-11,598.76,571.9971999999999,537.6051,0
2024-11-12,596.9,572.8936,538.1332500000001,0
2024-11-13,597.19,573.8184,538.66475,0
2024-11-14,593.35,574.6932,539.2171,0
2024-11-15,585.75,575.601,539.69985,0
2024-11-18,588.15,576.4358,540.16885,0
2024-11-19,590.3,577.2660000000001,540.6576,0
2024-11-20,590.5,577.9876,541.1401999999999,0
2024-11-21,593.67,578.6792,541.6180499999999,0
2024-11-22,595.51,579.3492,542.104,0
2024-11-25,597.53,580.043,542.58565,0
2024-11-26,600.65,580.7946,543.084,0
2024-11-27,598.83,581.5432,543.60775,0
2024-11-29,602.55,582.1745999999999,544.12765,0
2024-12-02,603.63,582.8822,544.63575,0
2024-12-03,603.91,583.567,545.15775,0
2024-12-04,607.66,584.2941999999999,545.71225,0
2024-12-05,606.66,585.0266,546.2595,0
2024-12-06,607.81,585.7367999999999,546.76105,0
2024-12-09,604.68,586.401,547.2452000000001,0
2024-12-10,602.8,586.9818,547.72925,0
2024-12-11,607.46,587.7586,548.2319,0
2024-12-12,604.33,588.468,548.72225,0
2024-12-13,604.21,589.1958,549.2028999999999,0
2024-12-16,606.79,589.872,549.6726,0
2024-12-17,604.29,590.6018,550.1325499999999,0
2024-12-18,586.28,590.8639999999999,550.52805,0
2024-12-19,586.1,591.0432,550.9098,0
2024-12-20,591.15,591.3435999999999,551.2914999999999,0
2024-12-23,594.69,591.6458,551.70635,0
2024-12-24,601.3,591.9854,552.15645,0
2024-12-26,601.34,592.4166,552.57925,0
2024-12-27,595.01,592.6708,552.97445,0
2024-12-30,588.22,592.7882,553.3408000000001,0
2024-12-31,586.08,592.818,553.72205,0
2025-01-02,584.64,592.8382,554.0809499999999,0
2025-01-03,591.95,593.0108,554.4621500000001,0
2025-01-06,595.36,593.3582,554.8365500000001,0
2025-01-07,588.63,593.5459999999999,555.1687,0
2025-01-08,589.49,593.755,555.5101,0
2025-01-10,580.49,593.7482,555.8137,0
2025-01-13,581.39,593.7406,556.1266,0
2025-01-14,582.19,593.7841999999999,556.4217,0
2025-01-15,592.78,594.2669999999999,556.77025,0
2025-01-16,591.64,594.679,557.11765,0
2025-01-17,597.58,595.2344,557.51135,0
2025-01-21,603.05,595.7614,557.9295500000001,0
2025-01-22,606.44,596.0694,558.3964,0
2025-01-23,609.75,596.3521999999999,558.8530000000001,0
2025-01-24,607.97,596.5477999999999,559.29925,0
2025-01-27,599.37,596.56,559.6995,0
2025-01-28,604.52,596.7124,560.1515,0
2025-01-29,601.81,596.8048,560.57055,0
2025-01-30,605.04,597.0386,561.0415,0
2025-01-31,601.82,597.36,561.52835,0
2025-02-03,597.77,597.5524,561.99955,0
2025-02-04,601.78,597.7819999999999,562.5057,0
2025-02-05,604.22,598.0563999999999,563.0292,0
2025-02-06,606.32,598.3094,563.585,0
2025-02-07,600.77,598.4146000000001,564.09025,0
2025-02-10,604.85,598.561,564.58625,0
2025-02-11,605.31,598.6542000000001,565.08575,0
2025-02-12,603.36,598.7447999999999,565.5851,0
2025-02-13,609.73,598.8884,566.09245,0
2025-02-14,609.7,599.0097999999999,566.59065,0
2025-02-18,611.49,599.1614,567.1382,0
2025-02-19,612.93,599.2668,567.7010999999999,0
2025-02-20,610.38,599.3412000000001,568.22785,0
2025-02-21,599.94,599.1838,568.6711,0
2025-02-24,597.21,599.0344,569.0743,0
2025-02-25,594.24,598.8632,569.4598,0
2025-02-26,594.54,598.6048,569.8465500000001,0
2025-02-27,585.05,598.2192,570.17095,0
2025-02-28,594.18,598.0186,570.53765,0
2025-03-03,583.77,597.5581999999999,570.85195,0
2025-03-04,576.86,597.0096,571.1197500000001,0
2025-03-05,583.06,596.9452,571.38615,0
2025-03-06,572.71,596.6774,571.60625,0
2025-03-07,575.92,596.3728000000001,571.8385999999999,0
2025-03-10,560.58,595.6906,571.9911999999999,0
2025-03-11,555.92,594.783,572.1139999999999,0
2025-03-12,558.87,593.9336,572.2592,0
2025-03-13,551.42,593.0618,572.3865000000001,0
2025-03-14,562.81,592.5536,572.55335,0
2025-03-17,567.15,592.175,572.74005,0
2025-03-18,561.02,591.7026,572.9146499999999,0
2025-03-19,567.13,591.2062,573.13725,0
2025-03-20,565.49,590.6088000000001,573.32785,0
2025-03-21,563.98,590.1158,573.50875,0
2025-03-24,574.08,589.8076,573.7372,0
2025-03-25,575.46,589.707,573.94115,0
2025-03-26,568.59,589.451,574.1107999999999,0
2025-03-27,567.08,589.1487999999999,574.27615,0
2025-03-28,555.66,588.4064,574.3761499999999,0
2025-03-31,559.39,587.7614,574.48835,0
2025-04-01,560.97,587.0292,574.5864,0
2025-04-02,564.52,586.2586,574.6967500000001,0
2025-04-03,536.7,584.8638000000001,574.66635,0
2025-04-04,505.28,582.7744,574.4572499999999,0
2025-04-07,504.38,580.7026000000001,574.2367,0
2025-04-08,496.48,578.6448,573.9841,0
2025-04-09,548.62,577.5268,574.00465,0
2025-04-10,524.58,575.9822,573.91385,0
2025-04-11,533.94,574.5602,573.8594,0
2025-04-14,539.12,573.3062,573.82745,0
2025-04-15,537.61,572.103,573.78365,0
2025-04-16,525.66,570.5806,573.69085,0
2025-04-17,526.41,569.0243999999999,573.5962000000001,0
2025-04-21,513.88,567.1756,573.4205499999999,0
2025-04-22,527.25,565.7052,573.2995,0
2025-04-23,535.42,564.3166,573.2034,0
2025-04-24,546.69,563.1442,573.16045,0
2025-04-25,550.64,562.0898000000001,573.13455,0
2025-04-28,550.85,560.9122,573.0822000000001,0
2025-04-29,554.32,559.8045999999999,573.0714,0
2025-04-30,554.54,558.6655999999999,573.0441500000001,0
2025-05-01,558.47,557.5764,573.02885,0
2025-05-02,566.76,556.704,573.03835,0
2025-05-05,563.51,555.9754,573.0712,0
2025-05-06,558.8,555.2072000000001,573.1019,0
2025-05-07,561.15,554.5454,573.1627000000001,0
2025-05-08,565.06,553.9558000000001,573.21475,0
2025-05-09,564.34,553.5416,573.26755,0
2025-05-12,582.99,553.3178,573.47635,0
2025-05-13,586.84,553.3792000000001,573.7185,0
2025-05-14,587.59,553.5938000000001,573.9342499999999,0
2025-05-15,590.46,553.7418,574.16275,0
2025-05-16,594.2,554.1716,574.42375,0
2025-05-19,594.85,554.5502,574.64395,0
2025-05-20,592.85,555.1956,574.89315,0
2025-05-21,582.86,555.7343999999999,575.1429499999999,0
2025-05-22,583.09,556.2188,575.4715,0
2025-05-23,579.11,556.7726,575.7563,0
2025-05-27,591.15,557.3394000000001,576.11875,0
2025-05-28,587.73,557.751,576.40415,0
2025-05-29,590.05,558.3316,576.68945,0
2025-05-30,589.39,558.7768,576.97005,0
2025-06-02,592.71,559.3212,577.2234000000001,0
2025-06-03,596.09,559.9634,577.4851,0
2025-06-04,595.93,560.4004,577.6994,0
2025-06-05,593.05,560.7522,577.8931,0
2025-06-06,599.14,561.3632,578.09075,0
2025-06-09,599.68,562.0152,578.29565,0
2025-06-10,603.08,562.9636,578.50795,0
2025-06-11,601.36,563.803,578.73365,0
2025-06-12,603.75,564.6586,578.9417500000001,0
2025-06-13,597.0,565.3081999999999,579.1228,0
2025-06-16,602.68,566.6278,579.3284,0
2025-06-17,597.53,568.4728,579.52455,0
2025-06-18,597.44,570.3340000000001,579.72,0
2025-06-20,594.28,572.29,579.873,0
2025-06-23,600.15,573.3206,580.11335,0
2025-06-24,606.78,574.9646,580.3925,0
2025-06-25,607.12,576.4282,580.68005,0
2025-06-26,611.87,577.8832,581.0376,0
2025-06-27,614.91,579.4292,581.3801,0
2025-06-30,617.85,581.273,581.7253999999999,0
2025-07-01,617.65,583.0978,582.04155,1
2025-07-02,620.45,585.2292,582.34835,0
2025-07-03,625.34,587.191,582.665,0
2025-07-07,620.68,588.8962,582.9542,0
2025-07-08,620.34,590.3692,583.24055,0
2025-07-09,624.06,591.8376000000001,583.55385,0
2025-07-10,625.82,593.337,583.82805,0
2025-07-11,623.62,594.7230000000001,584.1048999999999,0
2025-07-14,624.81,596.1284,584.3806,0
2025-07-15,622.14,597.4018,584.6347999999999,0
2025-07-16,624.22,598.551,584.9057,0
2025-07-17,628.04,599.8416,585.1844,0
2025-07-18,627.58,601.2172,585.4649499999999,0
2025-07-21,628.77,602.5696,585.74,0
2025-07-22,628.86,603.8456000000001,586.0412,0
2025-07-23,634.21,605.243,586.3679500000001,0
2025-07-24,634.42,606.2715999999999,586.70095,0
2025-07-25,637.1,607.2768,587.0215499999999,0
2025-07-28,636.94,608.2638,587.36725,0
2025-07-29,635.26,609.1597999999999,587.6777000000001,0
2025-07-30,634.46,609.965,587.9643,0
2025-07-31,632.08,610.7096,588.24405,0
2025-08-01,621.72,611.2869999999999,588.45475,0
2025-08-04,631.17,612.2532,588.689,0
2025-08-05,627.97,613.1508,588.9299500000001,0
2025-08-06,632.78,614.2242,589.18235,0
2025-08-07,632.25,615.0462,589.4318499999999,0
2025-08-08,637.18,616.0351999999999,589.6948,0
2025-08-11,635.92,616.9526000000001,589.95625,0
2025-08-12,642.69,618.0186,590.2531,0
2025-08-13,644.89,619.0622,590.5876000000001,0
2025-08-14,644.95,620.0394,590.91615,0
2025-08-15,643.44,620.9896000000001,591.23815,0
2025-08-18,643.3,621.9946,591.5504999999999,0
2025-08-19,639.81,622.808,591.8407,0
2025-08-20,638.11,623.5766,592.1312,0
2025-08-21,635.55,624.226,592.46575,0
2025-08-22,645.31,625.105,592.8371,0
2025-08-25,642.47,625.8794,593.2004,0
2025-08-26,645.16,626.8426000000001,593.5427,0
2025-08-27,646.63,627.7216,593.82065,0
2025-08-28,648.92,628.7494,594.0872,0
2025-08-29,645.05,629.7016,594.3215,0
2025-09-02,640.27,630.6214,594.52905,0
2025-09-03,643.74,631.4931999999999,594.76325,0
2025-09-04,649.12,632.34,595.0228999999999,0
2025-09-05,647.24,633.1424,595.29235,0
2025-09-08,648.83,633.8816,595.60775,0
2025-09-09,650.33,634.59,595.91865,0
2025-09-10,652.21,635.2772,596.2282,0
2025-09-11,657.63,636.0768,596.56385,0
2025-09-12,657.41,636.816,596.88255,0
2025-09-15,660.91,637.5274,597.20955,0
2025-09-16,660.0,638.3138,597.5219000000001,0
2025-09-17,659.18,639.0906,597.81455,0
2025-09-18,662.26,639.8546,598.1317,0
2025-09-19,663.7,640.6122,598.43745,0
2025-09-22,666.84,641.4766000000001,598.7535,0
2025-09-23,663.21,642.2446,599.05,0
2025-09-24,661.1,643.0237999999999,599.3172,0
2025-09-25,658.05,643.7004,599.57415,0
2025-09-26,661.82,644.3760000000001,599.8442,0
2025-09-29,663.68,645.098,600.1392,0
2025-09-30,666.18,645.8462,600.4561,0
2025-10-01,668.45,646.6379999999999,600.7610500000001,0
2025-10-02,669.22,647.3382,601.0854999999999,0
2025-10-03,669.21,648.034,601.4105000000001,0
2025-10-06,671.61,648.7242,601.7346,0
2025-10-07,669.12,649.3678,602.05875,0
2025-10-08,673.11,650.1248,602.4929,0
2025-10-09,671.16,650.8588,602.9182,0
2025-10-10,653.02,651.2776,603.2275500000001,0
2025-10-13,663.04,652.104,603.5693,0
2025-10-14,662.23,652.7252000000001,603.8739499999999,0
2025-10-15,665.17,653.4692,604.1931000000001,0
2025-10-16,660.64,654.0264,604.52125,0
2025-10-17,664.39,654.6692,604.9021,0
2025-10-20,671.3,655.3516000000001,605.3282,0
2025-10-21,671.29,656.059,605.7614500000001,0
2025-10-22,667.8,656.5612,606.1407,0
2025-10-23,671.76,657.0986,606.5227,0
2025-10-24,677.25,657.7446000000001,606.9658000000001,0
2025-10-27,685.24,658.5806,607.44455,0
2025-10-28,687.06,659.4558000000001,607.9774,0
2025-10-29,687.39,660.4074,608.5074,0
2025-10-30,679.83,661.2418000000001,608.9956000000001,0
2025-10-31,682.06,662.172,609.442,0
